timestamp,temperatura_c,vibracao_g
2025-01-01 00:00:00,62.483570765056164,0.6399355436586003
2025-01-01 01:00:00,59.308678494144075,0.5924633682912769
2025-01-01 02:00:00,63.23844269050346,0.5059630369920174
2025-01-01 03:00:00,67.61514928204012,0.4353063222294426
2025-01-01 04:00:00,58.82923312638332,0.569822331361359
2025-01-01 05:00:00,58.8293152152541,0.539348538542175
2025-01-01 06:00:00,67.89606407753696,0.5895193220027732
2025-01-01 07:00:00,63.837173645764544,0.563517180168197
2025-01-01 08:00:00,57.65262807032524,0.6049552715319335
2025-01-01 09:00:00,62.712800217929825,0.4464764788439432
2025-01-01 10:00:00,57.68291153593769,0.6317394065634325
2025-01-01 11:00:00,57.671351232148716,0.51975996046924
2025-01-01 12:00:00,61.20981135783017,0.7075260872625265
2025-01-01 13:00:00,50.43359877671101,0.4310812181910432
2025-01-01 14:00:00,51.375410837434835,0.6735963803165249
2025-01-01 15:00:00,57.188562353795135,0.5197910783462648
2025-01-01 16:00:00,54.93584439832788,0.43485819963855515
2025-01-01 17:00:00,61.57123666297637,0.4516114165945678
2025-01-01 18:00:00,55.45987962239394,0.46796526918056797
2025-01-01 19:00:00,52.93848149332354,0.5424165946401917
2025-01-01 20:00:00,67.32824384460777,0.55228354880355
2025-01-01 21:00:00,58.87111849756732,0.4426299996061421
2025-01-01 22:00:00,60.337641023439616,0.4975645407739017
2025-01-01 23:00:00,52.87625906893272,0.7142270358611864
2025-01-02 00:00:00,57.27808637737409,0.6727543170100712
2025-01-02 01:00:00,60.554612948549334,0.5436323669674032
2025-01-02 02:00:00,54.24503211288849,0.50380034781682
2025-01-02 03:00:00,61.87849009172836,0.5120031326718262
2025-01-02 04:00:00,56.99680655040598,0.5613517972730416
2025-01-02 05:00:00,58.54153125103362,0.39772074348015946
2025-01-02 06:00:00,56.991466938853016,0.4742623462576655
2025-01-02 07:00:00,69.26139092254469,0.3331415926122411
2025-01-02 08:00:00,59.93251387631033,0.5399223122605279
2025-01-02 09:00:00,54.7114453552205,0.564719593970274
2025-01-02 10:00:00,64.11272456051594,0.4516813537700626
2025-01-02 11:00:00,53.89578175014489,0.6573986763290033
2025-01-02 12:00:00,61.04431797502378,0.3774234336997659
2025-01-02 13:00:00,50.201649380601125,0.353562511979018
2025-01-02 14:00:00,53.359069755507846,0.5224451818559972
2025-01-02 15:00:00,60.984306179345616,0.6047098302612155
2025-01-02 16:00:00,63.69233289997705,0.6683927691457869
2025-01-02 17:00:00,60.85684140594985,0.454111573713106
2025-01-02 18:00:00,59.4217585880588,0.6078680833431296
2025-01-02 19:00:00,58.494481522053555,0.4961491530499293
2025-01-02 20:00:00,52.60739004816286,0.48273727000591804
2025-01-02 21:00:00,56.40077895802646,0.5883659937486673
2025-01-02 22:00:00,57.696806145201066,0.5652322878413419
2025-01-02 23:00:00,65.28561113109458,0.342360784301575
2025-01-03 00:00:00,61.718091447842305,0.6476540349725896
2025-01-03 01:00:00,51.18479922318633,0.6380091354147451
2025-01-03 02:00:00,61.620419846973974,0.43744372984904706
2025-01-03 03:00:00,58.07458859791842,0.5395803533437409
2025-01-03 04:00:00,56.61538999847021,0.5494030186282739
2025-01-03 05:00:00,63.058381444204336,0.5260673765823907
2025-01-03 06:00:00,65.15499761247976,0.444969484615458
2025-01-03 07:00:00,64.65640059558099,0.4328376632061948
2025-01-03 08:00:00,55.80391238388681,0.49744459290085546
2025-01-03 09:00:00,58.45393812074393,0.6172729019259364
2025-01-03 10:00:00,61.65631715701782,0.5543600154594432
2025-01-03 11:00:00,64.8777256356118,0.4629385667913894
2025-01-03 12:00:00,57.60412881077355,0.5771698710648345
2025-01-03 13:00:00,59.07170511668092,0.21514573793699243
2025-01-03 14:00:00,54.468325129969855,0.6148765700372103
2025-01-03 15:00:00,54.01896687959665,0.32602862212219
2025-01-03 16:00:00,64.06262911197099,0.4637559058596868
2025-01-03 17:00:00,66.78120014285412,0.3880330105373856
2025-01-03 18:00:00,59.63994939209833,0.3705318524279094
2025-01-03 19:00:00,65.01766448946012,0.6160826787378519
2025-01-03 20:00:00,61.808180125238174,0.45322987986881086
2025-01-03 21:00:00,56.774401226974376,0.5346503881730715
2025-01-03 22:00:00,61.80697802754207,0.49530794211208157
2025-01-03 23:00:00,67.69018283232984,0.5477040827223122
2025-01-04 00:00:00,59.82086980445024,0.5076821891060256
2025-01-04 01:00:00,67.82321827907003,0.37170077758114306
2025-01-04 02:00:00,46.901274479551276,0.599626681944714
2025-01-04 03:00:00,64.10951252187611,0.4506243416838688
2025-01-04 04:00:00,60.435235341190854,0.3443418101340249
2025-01-04 05:00:00,58.50496324767066,0.4571884839034087
2025-01-04 06:00:00,60.458803882677515,0.6500759790634311
2025-01-04 07:00:00,50.06215542699554,0.5850221742113493
2025-01-04 08:00:00,58.90164056081244,0.4651347865592141
2025-01-04 09:00:00,61.78556285755873,0.46507422956815714
2025-01-04 10:00:00,67.38947022370758,0.46783649487826173
2025-01-04 11:00:00,57.40864890863176,0.707674798356084
2025-01-04 12:00:00,55.95753198553406,0.5381935452231553
2025-01-04 13:00:00,57.491214782077314,0.543004164719107
2025-01-04 14:00:00,64.57701058851038,0.6030283454031842
2025-01-04 15:00:00,61.64375554829842,0.5238789159026513
2025-01-04 16:00:00,57.351198981164806,0.4740957854179297
2025-01-04 17:00:00,62.56633716556678,0.4803650150915022
2025-01-04 18:00:00,60.4853877467402,0.4928398740585936
2025-01-04 19:00:00,64.84322495266444,0.4962777763490158
2025-01-04 20:00:00,56.48973453061324,0.572762954363698
2025-01-04 21:00:00,58.36168926701116,0.50519458858073
2025-01-04 22:00:00,58.03945923433921,0.5732640077215579
2025-01-04 23:00:00,52.68242525933941,0.49192834198914176
2025-01-05 00:00:00,61.48060138532288,0.5078635190316091
2025-01-05 01:00:00,61.30527636089945,0.30017993154678924
2025-01-05 02:00:00,60.025567283212304,0.5916327674702482
2025-01-05 03:00:00,58.82706433312426,0.5346488475897992
2025-01-05 04:00:00,52.923146289747926,0.5998010109859653
2025-01-05 05:00:00,57.89677338617321,0.21037446218063105
2025-01-05 06:00:00,58.286427417366156,0.7088374704780728
2025-01-05 07:00:00,55.9886136538919,0.4860410371844826
2025-01-05 08:00:00,59.19357144166995,0.6108182816737516
2025-01-05 09:00:00,62.02025428407269,0.39600940728744694
2025-01-05 10:00:00,69.43092950605265,0.5612773905062569
2025-01-05 11:00:00,60.872889064159196,0.39465844368263436
2025-01-05 12:00:00,61.28775195361382,0.4376231039304195
2025-01-05 13:00:00,59.62777042116917,0.6914031353866786
2025-01-05 14:00:00,50.40614392350479,0.4809317599236653
2025-01-05 15:00:00,59.867430622753915,0.5217432873179723
2025-01-05 16:00:00,60.30115104970513,0.5870067730688754
2025-01-05 17:00:00,72.31621056242643,0.5495681887972604
2025-01-05 18:00:00,59.03819517609439,0.5150418905143577
2025-01-05 19:00:00,61.50773671166806,0.5364961002466225
2025-01-05 20:00:00,59.82644115147378,0.7403415585238275
2025-01-05 21:00:00,54.15660981190234,0.49423812029664144
2025-01-05 22:00:00,65.7141140725751,0.5201099046714968
2025-01-05 23:00:00,63.75966516343387,0.6050654396007612
2025-01-06 00:00:00,63.95515973521523,0.6105525932957984
2025-01-06 01:00:00,55.4530627260263,0.618703030556038
2025-01-06 02:00:00,67.0139715546805,0.5638730222029185
2025-01-06 03:00:00,52.990744686038596,0.38569950872695163
2025-01-06 04:00:00,62.93428546900135,0.6633431532301096
2025-01-06 05:00:00,70.95227812904989,0.3853654606981312
2025-01-06 06:00:00,55.04731837434656,0.5302635465239033
2025-01-06 07:00:00,57.16851135198614,0.4245724149980642
2025-01-06 08:00:00,60.498256825438204,0.49358616534070077
2025-01-06 09:00:00,57.482621729419,0.532876241030348
2025-01-06 10:00:00,52.24668284466934,0.5321357215450273
2025-01-06 11:00:00,60.34281487403014,0.5421920754235284
2025-01-06 12:00:00,54.688481431369475,0.6613711269058647
2025-01-06 13:00:00,62.36796215317591,0.545353430151398
2025-01-06 14:00:00,55.402878828830985,0.4755843364709351
2025-01-06 15:00:00,67.7496720250877,0.5964087168288357
2025-01-06 16:00:00,56.08373353831882,0.6189470488924641
2025-01-06 17:00:00,58.38969241897162,0.37723921848630076
2025-01-06 18:00:00,64.06758608684835,0.5597400069849858
2025-01-06 19:00:00,53.84567841783022,0.5701172742310898
2025-01-06 20:00:00,61.13729967302065,0.4702436496640008
2025-01-06 21:00:00,66.53571377141213,0.6375706813311619
2025-01-06 22:00:00,51.96258382719386,0.48499444129674735
2025-01-06 23:00:00,60.92316929266152,0.5125576453471542
2025-01-07 00:00:00,61.29941397124212,0.48269281757161303
2025-01-07 01:00:00,63.909114358886555,0.5015579047581468
2025-01-07 02:00:00,53.81524644560959,0.3903724913104798
2025-01-07 03:00:00,53.39771693457862,0.3559949117405705
2025-01-07 04:00:00,62.60970782808449,0.6594505063224972
2025-01-07 05:00:00,61.48492336616593,0.4153038651681672
2025-01-07 06:00:00,61.252464251729386,0.4008607650543693
2025-01-07 07:00:00,61.73224104748488,0.2846609886396285
2025-01-07 08:00:00,56.59987639210755,0.4361038252310498
2025-01-07 09:00:00,61.16126848580502,0.3676910206592502
2025-01-07 10:00:00,61.46536236649341,0.664201516013637
2025-01-07 11:00:00,56.42824290986816,0.6009817089342634
2025-01-07 12:00:00,69.32887255572378,0.4311849654822276
2025-01-07 13:00:00,62.36916460455894,0.7252435805344308
2025-01-07 14:00:00,54.04348251398676,0.5981765486991595
2025-01-07 15:00:00,63.28276804316915,0.46751686164913775
2025-01-07 16:00:00,55.126591648863396,0.2500594285126427
2025-01-07 17:00:00,63.93542301871226,0.7290942572590742
2025-01-07 18:00:00,65.79297789503703,0.3610427533236404
2025-01-07 19:00:00,55.89658840824145,0.3354601253043108
2025-01-07 20:00:00,64.8168806462216,0.6022570432009641
2025-01-07 21:00:00,62.063904634682494,0.7439752406339273
2025-01-07 22:00:00,64.11030079997245,0.6384272818510518
2025-01-07 23:00:00,69.48396491326974,0.5563909120052359
2025-01-08 00:00:00,58.77305941998565,0.5594754341665286
2025-01-08 01:00:00,56.23131917821255,0.5853415558780308
2025-01-08 02:00:00,55.55242785187238,0.5758928589786765
2025-01-08 03:00:00,55.92094857517281,0.5281191423969376
2025-01-08 04:00:00,59.61449145292948,0.5104201103951876
2025-01-08 05:00:00,61.70575987408322,0.49374068721004777
2025-01-08 06:00:00,61.3834539966501,0.4246035411133324
2025-01-08 07:00:00,64.13591624518011,0.47193249231332257
2025-01-08 08:00:00,60.065009459389536,0.33070431858046145
2025-01-08 09:00:00,67.26767038578659,0.490166037320525
2025-01-08 10:00:00,58.67671583381022,0.40114088928490826
2025-01-08 11:00:00,73.6008458329481,0.38964106827842293
2025-01-08 12:00:00,63.128336738825034,0.5179894151153478
2025-01-08 13:00:00,55.714212217918586,0.6392002286344599
2025-01-08 14:00:00,54.645537509694435,0.5918316606002313
2025-01-08 15:00:00,62.41236207621593,0.3429499396376823
2025-01-08 16:00:00,58.88268607337075,0.40103718634296626
2025-01-08 17:00:00,63.57000247046046,0.5940771187988216
2025-01-08 18:00:00,62.366188122867726,0.40175126064616906
2025-01-08 19:00:00,59.63585543671564,0.47753668500029756
2025-01-08 20:00:00,55.76603140965798,0.5550052099024552
2025-01-08 21:00:00,52.42576387657068,0.40316555451363645
2025-01-08 22:00:00,57.767425239664895,0.5105375506145959
2025-01-08 23:00:00,64.28199397161737,0.36659745050817955
2025-01-09 00:00:00,61.07046872065102,0.4398632356048786
2025-01-09 01:00:00,53.77130610644006,0.5319781934142537
2025-01-09 02:00:00,60.86590462925591,0.3407006266468331
2025-01-09 03:00:00,61.92658689864418,0.5440474737960399
2025-01-09 04:00:00,55.580712818994336,0.4980362201073319
2025-01-09 05:00:00,60.768625529727636,0.5552489954417148
2025-01-09 06:00:00,60.29104359223,0.5223914134064661
2025-01-09 07:00:00,54.28514851084688,0.6364140429973845
2025-01-09 08:00:00,61.788936801741414,0.5125224502647907
2025-01-09 09:00:00,62.803922631841175,0.4570594458874747
2025-01-09 10:00:00,65.41525621587638,0.5122297503032284
2025-01-09 11:00:00,65.26901026017451,0.5543298029036388
2025-01-09 12:00:00,53.111653160214544,0.5048860070325705
2025-01-09 13:00:00,55.310874800424386,0.5040591691203883
2025-01-09 14:00:00,62.5751763360433,0.42980083121932444
2025-01-09 15:00:00,62.56892975456105,0.4337099082449052
2025-01-09 16:00:00,62.57523843153024,0.3597394728200306
2025-01-09 17:00:00,79.26365745327361,0.6749576743186939
2025-01-09 18:00:00,62.85445255346583,0.3756136764608715
2025-01-09 19:00:00,65.677828200903,0.4307094802204093
2025-01-09 20:00:00,64.770008817466,0.42815927344308025
2025-01-09 21:00:00,63.25695625652899,0.5894924376944441
2025-01-09 22:00:00,58.423653776798275,0.4705050321707972
2025-01-09 23:00:00,63.79484610246634,0.6247742072673734
2025-01-10 00:00:00,56.13587392731214,0.4326509375756131
2025-01-10 01:00:00,58.815906966299956,0.5278994162223802
2025-01-10 02:00:00,57.57318226085448,0.41646529467402427
2025-01-10 03:00:00,60.40937069693161,0.7145149127773388
2025-01-10 04:00:00,71.57329283336755,0.3812401580970487
2025-01-10 05:00:00,50.66367403704126,0.5309820710227028
2025-01-10 06:00:00,63.431300951872565,0.5633776880932099
2025-01-10 07:00:00,51.93642064405174,0.5413799097451498
2025-01-10 08:00:00,57.64034067105283,0.4814712341122292
2025-01-10 09:00:00,65.44475298483682,0.4870179300266574
2025-01-10 10:00:00,60.321400095477316,0.5043811471979109
2025-01-10 11:00:00,54.61127611035347,0.48529979983715116
2025-01-10 12:00:00,56.42348145370016,0.596387911679491
2025-01-10 13:00:00,63.39798874467338,0.7210523001591351
2025-01-10 14:00:00,56.34816684141432,0.44425082149921663
2025-01-10 15:00:00,61.08229294790988,0.3630197020420922
2025-01-10 16:00:00,60.22785919951907,0.4911717951648745
2025-01-10 17:00:00,56.74199826197091,0.7579709337654319
2025-01-10 18:00:00,70.71972044662662,0.4196325432030269
2025-01-10 19:00:00,63.169595111590056,0.6639116805444067
2025-01-10 20:00:00,49.874287066711965,0.667770081407644
2025-01-10 21:00:00,60.93227157384714,0.44464117582920054
2025-01-10 22:00:00,56.69106767615806,0.5568983079185276
2025-01-10 23:00:00,64.26216667398111,0.6628396623128539
2025-01-11 00:00:00,56.037396307836495,0.4620872259012513
2025-01-11 01:00:00,59.42631779266551,0.47964196398976383
2025-01-11 02:00:00,62.524936394902284,0.4418319086051356
2025-01-11 03:00:00,64.32877597085061,0.3985243269307133
2025-01-11 04:00:00,53.99851796472112,0.4350722454933993
2025-01-11 05:00:00,58.327493820795254,0.3776059733237743
2025-01-11 06:00:00,57.625273444195216,0.5034083468259226
2025-01-11 07:00:00,56.73335383713144,0.42300267689413584
2025-01-11 08:00:00,68.82727120140548,0.5233785911790748
2025-01-11 09:00:00,62.024908554804774,0.3444104353796372
2025-01-11 10:00:00,53.69558022832477,0.5330880232214457
2025-01-11 11:00:00,64.58930973527389,0.5833528961608925
2025-01-11 12:00:00,70.61078098506317,0.3006264357428544
2025-01-11 13:00:00,65.16232630275573,0.5374056569847572
2025-01-11 14:00:00,52.403150170229935,0.6227668992473292
2025-01-11 15:00:00,57.57882963566874,0.37903589813087946
2025-01-11 16:00:00,66.33455574593312,0.6672572386837703
2025-01-11 17:00:00,56.461652671906094,0.5419019009366045
2025-01-11 18:00:00,62.219097140731144,0.4294988144241591
2025-01-11 19:00:00,63.87317026714668,0.4944230922342294
2025-01-11 20:00:00,55.36534764210958,0.5558326912521723
2025-01-11 21:00:00,59.702373219691,0.5076005391412411
2025-01-11 22:00:00,43.79366329965464,0.5538755992446369
2025-01-11 23:00:00,54.87806179332855,0.40793264069206336
2025-01-12 00:00:00,58.7371592430342,0.5169360824036078
2025-01-12 01:00:00,53.76108409017575,0.35862855030950197
2025-01-12 02:00:00,68.16205651965818,0.48887739386512996
2025-01-12 03:00:00,52.84929311019684,0.40960923585352105
2025-01-12 04:00:00,57.79977756651508,0.42644700574102334
2025-01-12 05:00:00,60.65370288643046,0.6236093175210438
2025-01-12 06:00:00,67.20636644533057,0.6091310120594269
2025-01-12 07:00:00,52.8206892441028,0.5609138120907177
2025-01-12 08:00:00,65.8158187607748,0.3907687235327421
2025-01-12 09:00:00,60.05116530509793,0.46835915503051984
2025-01-12 10:00:00,55.09245674476024,0.6213097699979183
2025-01-12 11:00:00,62.31051737131635,0.5141716913639904
2025-01-12 12:00:00,60.99529847786735,0.7319329539981694
2025-01-12 13:00:00,56.99891561420603,0.5393317839394371
2025-01-12 14:00:00,60.349010424950094,0.5192049116490032
2025-01-12 15:00:00,58.073432015691196,0.4690883535797499
2025-01-12 16:00:00,60.56758672625624,0.5133540904782282
2025-01-12 17:00:00,63.31065337260523,0.4847530163619456
2025-01-12 18:00:00,67.93008408072676,0.570810867668859
2025-01-12 19:00:00,53.810922505865754,0.5956702316794584
2025-01-12 20:00:00,70.66516687328134,0.421401053949205
2025-01-12 21:00:00,50.23956100238749,0.3668767046442222
2025-01-12 22:00:00,59.24107452482208,0.3163794626896703
2025-01-12 23:00:00,62.94158603242288,0.5507991326912544
2025-01-13 00:00:00,61.40495933867516,0.38966333938261266
2025-01-13 01:00:00,56.88650240089703,0.28471094070475167
2025-01-13 02:00:00,58.95938874821363,0.5388578604530965
2025-01-13 03:00:00,57.53499532670584,0.749299951743279
2025-01-13 04:00:00,57.053176215278945,0.4993929088460107
2025-01-13 05:00:00,64.24801048510513,0.5838490774451642
2025-01-13 06:00:00,61.785077429825236,0.5081829358547565
2025-01-13 07:00:00,56.53545202369673,0.49011103468088574
2025-01-13 08:00:00,64.49799937716625,0.5919076482987768
2025-01-13 09:00:00,61.536497604383044,0.4709725455811349
2025-01-13 10:00:00,64.06431059419481,0.5267392314071903
2025-01-13 11:00:00,63.14814420961806,0.5321697806196014
2025-01-13 12:00:00,55.85502494538964,0.4331909546356951
2025-01-13 13:00:00,57.19909479901515,0.5992042349536523
2025-01-13 14:00:00,63.73646802561631,0.48250402433045914
2025-01-13 15:00:00,63.05185132716733,0.4244254840507155
2025-01-13 16:00:00,59.89549203017926,0.5536509843570403
2025-01-13 17:00:00,60.58663691654391,0.41015320182089626
2025-01-13 18:00:00,66.38832447894212,0.5028181157369128
2025-01-13 19:00:00,57.04214305582085,0.49908810033557965
2025-01-13 20:00:00,62.73548690585019,0.6085895565831578
2025-01-13 21:00:00,58.98903673783053,0.5474698232879953
2025-01-13 22:00:00,58.911593983863895,0.4974973041254856
2025-01-13 23:00:00,65.49388425993595,0.5817766299200287
2025-01-14 00:00:00,64.12708174494014,0.6390207549017314
2025-01-14 01:00:00,64.06754818000319,0.5557810306351862
2025-01-14 02:00:00,66.52739403577165,0.501035261984338
2025-01-14 03:00:00,60.105019208163796,0.368816376764984
2025-01-14 04:00:00,63.40976485647482,0.39348863369246273
2025-01-14 05:00:00,58.44866621703272,0.46947752956453326
2025-01-14 06:00:00,61.62083176244221,0.4390487797840717
2025-01-14 07:00:00,59.34928472816158,0.4813028697014554
2025-01-14 08:00:00,60.48497982496359,0.5056649924897108
2025-01-14 09:00:00,62.975785127184565,0.5529692754356731
2025-01-14 10:00:00,55.908896583832636,0.4929501221940909
2025-01-14 11:00:00,70.4619363784273,0.5486501643826202
2025-01-14 12:00:00,54.96991309250149,0.5064474414810121
2025-01-14 13:00:00,53.92905693606134,0.3024533433646128
2025-01-14 14:00:00,65.79055436750033,0.40606646061812457
2025-01-14 15:00:00,63.95831346981468,0.48559124442783846
2025-01-14 16:00:00,63.12059908526078,0.37903052571588924
2025-01-14 17:00:00,63.1417275463214,0.5599928729996204
2025-01-14 18:00:00,59.93876613576543,0.6530750832343697
2025-01-14 19:00:00,55.51372814257084,0.6218761851697316
2025-01-14 20:00:00,60.379022790968634,0.47865571290697917
2025-01-14 21:00:00,56.61419144243944,0.6490726136849952
2025-01-14 22:00:00,64.87559866708875,0.5148667457202112
2025-01-14 23:00:00,59.26471309248931,0.46629140288819604
2025-01-15 00:00:00,55.87251401603744,0.43865973364590605
2025-01-15 01:00:00,58.393070791735035,0.4697530313511872
2025-01-15 02:00:00,62.064657271378124,0.4611823181458771
2025-01-15 03:00:00,57.18137723598013,0.5170416222375488
2025-01-15 04:00:00,55.888898022167844,0.5160573981049864
2025-01-15 05:00:00,61.21843605745956,0.5003046020153414
2025-01-15 06:00:00,61.22483285554361,0.543693816974635
2025-01-15 07:00:00,57.46528412314435,0.6190646274786341
2025-01-15 08:00:00,57.644808471908384,0.5949554135441324
2025-01-15 09:00:00,61.160249686788184,0.35151020315500964
2025-01-15 10:00:00,52.75957829251338,0.24460788650980453
2025-01-15 11:00:00,52.962681128117225,0.5934319911239274
2025-01-15 12:00:00,56.40777889373782,0.36331213015845787
2025-01-15 13:00:00,58.932764241440765,0.47752345981073163
2025-01-15 14:00:00,61.554537827990025,0.38298869739406405
2025-01-15 15:00:00,67.37678108474776,0.31980195624199803
2025-01-15 16:00:00,64.2882981160101,0.5541462728204788
2025-01-15 17:00:00,59.20030735018287,0.5759155160302647
2025-01-15 18:00:00,59.904918960486555,0.44234895992732803
2025-01-15 19:00:00,54.987353176810956,0.240895770785509
2025-01-15 20:00:00,59.90743432003805,0.4453755551747517
2025-01-15 21:00:00,58.55670680539931,0.5391804005402546
2025-01-15 22:00:00,61.613592801690444,0.3521088431225871
2025-01-15 23:00:00,55.86384528223839,0.5183359919779156
2025-01-16 00:00:00,62.59673257120586,0.4984690150827004
2025-01-16 01:00:00,67.66369456501289,0.5579291499601089
2025-01-16 02:00:00,59.45619925771571,0.5119580368414153
2025-01-16 03:00:00,62.00855861049471,0.40269310591184443
2025-01-16 04:00:00,63.45071995855556,0.6196571501664492
2025-01-16 05:00:00,57.99389764057082,0.484147042697303
2025-01-16 06:00:00,61.12046240905208,0.4972695460490068
2025-01-16 07:00:00,60.06296200390897,0.4066732040926804
2025-01-16 08:00:00,60.488380492744156,0.455671774880849
2025-01-16 09:00:00,56.134951080722665,0.4115197285973099
2025-01-16 10:00:00,60.12255087129471,0.4827053940076577
2025-01-16 11:00:00,62.48999145622725,0.6711708480142343
2025-01-16 12:00:00,67.2557180389752,0.36280988570686434
2025-01-16 13:00:00,64.79635413042604,0.33864386021232584
2025-01-16 14:00:00,70.76591228755778,0.6471170327493608
2025-01-16 15:00:00,56.16326218555975,0.4790676322848134
2025-01-16 16:00:00,64.36160318360339,0.43309272613400834
2025-01-16 17:00:00,60.91671002869176,0.6039904687396076
2025-01-16 18:00:00,70.94901466608836,0.4394384460263136
2025-01-16 19:00:00,55.95850857322424,0.6826009713546937
2025-01-16 20:00:00,55.80139078909612,0.5677925871339269
2025-01-16 21:00:00,57.003036772779886,0.45120885918542974
2025-01-16 22:00:00,49.380521378450965,0.7157308213265503
2025-01-16 23:00:00,57.37122489159619,0.4394285076996661
2025-01-17 00:00:00,56.20433669223151,0.5742095372009307
2025-01-17 01:00:00,60.75196893238104,0.5299292580406492
2025-01-17 02:00:00,61.7087798788858,0.6301741289398798
2025-01-17 03:00:00,69.38085419607943,0.6561511196726852
2025-01-17 04:00:00,64.75211919093024,0.5032004149065766
2025-01-17 05:00:00,57.115481721687985,0.42465821296538164
2025-01-17 06:00:00,55.50792664325821,0.5459972142939117
2025-01-17 07:00:00,62.45959585753253,0.4322284630247894
2025-01-17 08:00:00,53.39883396489679,0.7013387247526623
2025-01-17 09:00:00,69.15729382927177,0.5136535331082738
2025-01-17 10:00:00,65.89720060360644,0.4634678448687891
2025-01-17 11:00:00,57.65412173947647,0.5184680305864908
2025-01-17 12:00:00,51.434327354545616,0.36528737104703035
2025-01-17 13:00:00,66.76936187082707,0.40283859614893486
2025-01-17 14:00:00,59.42730077373691,0.6200413907944425
2025-01-17 15:00:00,66.1890815598673,0.4343105721028604
2025-01-17 16:00:00,52.02786170602816,0.39530890173180605
2025-01-17 17:00:00,57.00312488523114,0.5536652752527286
2025-01-17 18:00:00,60.026218498590914,0.6185704154662997
2025-01-17 19:00:00,60.23490296882371,0.5718953310665067
2025-01-17 20:00:00,57.749672642603784,0.5996047685805816
2025-01-17 21:00:00,63.114249661737496,0.4243204911430539
2025-01-17 22:00:00,54.66189785308703,0.3578189333258156
2025-01-17 23:00:00,59.288102574893536,0.6501333651955487
2025-01-18 00:00:00,60.601478158559495,0.4677320161157864
2025-01-18 01:00:00,62.57219417029374,0.47491669835449524
2025-01-18 02:00:00,63.558074390444446,0.6328194141849058
2025-01-18 03:00:00,54.376789540810655,0.555623000940066
2025-01-18 04:00:00,52.329429146321885,0.5455887772081608
2025-01-18 05:00:00,66.38838410949255,0.7165002344901084
2025-01-18 06:00:00,61.66157005989796,0.4356481769619857
2025-01-18 07:00:00,56.25756731721723,0.5927840128081238
2025-01-18 08:00:00,67.75575987761262,0.5057013124897084
2025-01-18 09:00:00,60.57837317146429,0.5268592278863257
2025-01-18 10:00:00,65.89648592031914,0.6528468426412531
2025-01-18 11:00:00,60.33759240705054,0.5507835756289624
2025-01-18 12:00:00,70.30373962440993,0.5538296079049633
2025-01-18 13:00:00,68.77670421221602,0.6072507337309803
2025-01-18 14:00:00,58.75517925760463,0.46350472704571144
2025-01-18 15:00:00,64.85785475477178,0.41607903326609935
2025-01-18 16:00:00,63.226879747925736,0.39551908059789664
2025-01-18 17:00:00,66.84315778766174,0.30336434106239984
2025-01-18 18:00:00,55.17538269709948,0.7056207129940322
2025-01-18 19:00:00,63.4302572999922,0.3896791634278317
2025-01-18 20:00:00,65.29212243424794,0.4778746376414228
2025-01-18 21:00:00,51.20630256788443,0.47231867001110794
2025-01-18 22:00:00,54.083707436671126,0.5307406697809101
2025-01-18 23:00:00,49.803839111199494,0.5815737212539297
2025-01-19 00:00:00,58.65296582777721,0.5860473488359745
2025-01-19 01:00:00,63.58771127897981,0.44169225614310614
2025-01-19 02:00:00,67.51178526048014,0.48328782862135883
2025-01-19 03:00:00,60.37047390209887,0.52825799504883
2025-01-19 04:00:00,68.14307772785646,0.4751308873816453
2025-01-19 05:00:00,53.099492708925546,0.6607345576019993
2025-01-19 06:00:00,51.48308780322422,0.5490974951638251
2025-01-19 07:00:00,59.722261505516904,0.5734877786049818
2025-01-19 08:00:00,61.92032724469654,0.5662881268667412
2025-01-19 09:00:00,59.836526259529535,0.6173473857485325
2025-01-19 10:00:00,49.66278949980062,0.5181021558703707
2025-01-19 11:00:00,59.55439980243606,0.37031680520441534
2025-01-19 12:00:00,53.47765249747573,0.5399687951752642
2025-01-19 13:00:00,63.348362744150194,0.4348643106208171
2025-01-19 14:00:00,61.83299123048424,0.4471383318250243
2025-01-19 15:00:00,55.30060106836322,0.5586364018755093
2025-01-19 16:00:00,57.43066541331653,0.6238283071433636
2025-01-19 17:00:00,54.703932390555245,0.5021271576736062
2025-01-19 18:00:00,59.686604513634144,0.5308833012598964
2025-01-19 19:00:00,64.77571160250619,0.6702214944635239
2025-01-19 20:00:00,55.071369768322285,0.5240753179488569
2025-01-19 21:00:00,62.52023257758922,0.7601683114180395
2025-01-19 22:00:00,57.348711908137794,0.5565509645631544
2025-01-19 23:00:00,56.03563583868828,0.3239237240844182
2025-01-20 00:00:00,59.46484820022721,0.5753341621104533
2025-01-20 01:00:00,54.82378838790313,0.5381158384882778
2025-01-20 02:00:00,57.23175347326409,0.6289752754082746
2025-01-20 03:00:00,54.010610537055754,0.5673181351269958
2025-01-20 04:00:00,69.82362566458195,0.4861544016016226
2025-01-20 05:00:00,60.17631775985864,0.37757017637106344
2025-01-20 06:00:00,56.501372460037075,0.4790976742713975
2025-01-20 07:00:00,61.06989955367111,0.41494795457906997
2025-01-20 08:00:00,59.43835975154585,0.4419476550195277
2025-01-20 09:00:00,58.89515200233389,0.558857840442061
2025-01-20 10:00:00,63.07083350021713,0.6669904504351406
2025-01-20 11:00:00,63.787538550236526,0.5394671529822981
2025-01-20 12:00:00,57.34749426194736,0.38041169379648154
2025-01-20 13:00:00,57.1209087967766,0.5444602668220141
2025-01-20 14:00:00,58.62474151424178,0.6196631486645652
2025-01-20 15:00:00,48.49039417632208,0.43902170956806175
2025-01-20 16:00:00,52.42404468900724,0.4865982833327082
2025-01-20 17:00:00,66.83437133722262,0.5014688194729197
2025-01-20 18:00:00,68.22483856750642,0.421510168691776
2025-01-20 19:00:00,58.75481980221811,0.5648280433843859
2025-01-20 20:00:00,62.88278481527883,0.4879051851392218
2025-01-20 21:00:00,61.55625077271768,0.5419532443907028
2025-01-20 22:00:00,75.3944040422762,0.41125078221979
2025-01-20 23:00:00,65.59787455717289,0.45625416996765894
2025-01-21 00:00:00,59.36041204259617,0.5722381357827772
2025-01-21 01:00:00,55.22229779699787,0.4627166847908233
2025-01-21 02:00:00,51.96776839871214,0.6726963851233405
2025-01-21 03:00:00,61.017318179336115,0.46003638143853975
2025-01-21 04:00:00,56.21824627357849,0.5224684725751886
2025-01-21 05:00:00,52.888731452011626,0.593259083187309
2025-01-21 06:00:00,56.76713557878737,0.3581634267066968
2025-01-21 07:00:00,54.592259981928024,0.32391911880192237
2025-01-21 08:00:00,68.43570817536282,0.3474343685429905
2025-01-21 09:00:00,64.40819878474726,0.6262584103427182
2025-01-21 10:00:00,59.960136793416915,0.44481418541075535
2025-01-21 11:00:00,67.39972069445012,0.7558199285668252
2025-01-21 12:00:00,60.386841538238095,0.44357524013426114
2025-01-21 13:00:00,55.693578993358685,0.5184551303197037
2025-01-21 14:00:00,67.61562038634828,0.6542109952567876
2025-01-21 15:00:00,62.694550218423295,0.7006092888159123
2025-01-21 16:00:00,54.81376922836772,0.7061503576636398
2025-01-21 17:00:00,59.04830660958196,0.6208366230593143
2025-01-21 18:00:00,55.62190873307621,0.6024062525811462
2025-01-21 19:00:00,53.08600134517832,0.5592526949201183
2025-01-21 20:00:00,64.63088773765821,0.5778361076166638
2025-01-21 21:00:00,69.54708320235065,0.44488142836714667
2025-01-21 22:00:00,53.00716213090429,0.41818011165776925
2025-01-21 23:00:00,62.81484618345286,0.49966255425890477
2025-01-22 00:00:00,56.746787154390866,0.4829815377475072
2025-01-22 01:00:00,57.56437308117652,0.4546771950672725
2025-01-22 02:00:00,57.03803037880566,0.5696387447456716
2025-01-22 03:00:00,55.68004615160092,0.595530520857051
2025-01-22 04:00:00,60.24260813972413,0.5088406886291847
2025-01-22 05:00:00,55.845249417944814,0.6477530081055262
2025-01-22 06:00:00,61.35228412889919,0.3858310885866495
2025-01-22 07:00:00,59.748809452754315,0.4806340540720282
2025-01-22 08:00:00,58.80525976566795,0.4283177679397195
2025-01-22 09:00:00,55.46218168979201,0.313346338292694
2025-01-22 10:00:00,57.116143347158335,0.4917319314157301
2025-01-22 11:00:00,63.77695612912878,0.48782524916167164
2025-01-22 12:00:00,62.504585938121906,0.6513449743242131
2025-01-22 13:00:00,55.11222377600724,0.5630811684554777
2025-01-22 14:00:00,60.49666152714613,0.3975813175670795
2025-01-22 15:00:00,63.75693561685895,0.6854092566334189
2025-01-22 16:00:00,51.652973594393146,0.6221033695525353
2025-01-22 17:00:00,62.71680096189967,0.5582097703468616
2025-01-22 18:00:00,56.686881205270765,0.4773515901150168
2025-01-22 19:00:00,62.852993342965796,0.404056076327652
2025-01-22 20:00:00,56.18370421728741,0.4627793223928947
2025-01-22 21:00:00,50.9755894966774,0.6088748619704186
2025-01-22 22:00:00,51.862287810584185,0.6884586305934609
2025-01-22 23:00:00,60.24042473330691,0.6543243528272189
2025-01-23 00:00:00,61.29861250860741,0.45111505782137257
2025-01-23 01:00:00,55.47841687447796,0.38803825667109887
2025-01-23 02:00:00,63.19296229388687,0.5140886246911204
2025-01-23 03:00:00,51.6923996886552,0.32315606344371484
2025-01-23 04:00:00,59.669601006763415,0.5323167714184781
2025-01-23 05:00:00,53.94491900118771,0.48523974137013315
2025-01-23 06:00:00,56.7408194609892,0.4533963498131758
2025-01-23 07:00:00,60.23699335658207,0.34052969327332044
2025-01-23 08:00:00,55.69793317358024,0.5513600106569716
2025-01-23 09:00:00,58.077222278850876,0.44672991603380885
2025-01-23 10:00:00,65.0314640460722,0.3830083164289712
2025-01-23 11:00:00,57.115540652384254,0.21277377867183506
2025-01-23 12:00:00,64.1784605603257,0.4972485094949364
2025-01-23 13:00:00,54.35146572671191,0.6772251596669744
2025-01-23 14:00:00,62.64902088957641,0.666125921454787
2025-01-23 15:00:00,67.2078431032895,0.4542903743413728
2025-01-23 16:00:00,47.641777499363556,0.4397787939638219
2025-01-23 17:00:00,56.015523722647615,0.5468774256075024
2025-01-23 18:00:00,62.8853606359027,0.4001614560811708
2025-01-23 19:00:00,58.984773069785035,0.5301791899819466
2025-01-23 20:00:00,61.85572936685654,0.5766080278384691
2025-01-23 21:00:00,56.9800740664209,0.6226933223884308
2025-01-23 22:00:00,60.4329489373645,0.4899845923520047
2025-01-23 23:00:00,59.221613823039604,0.4796326249823034
2025-01-24 00:00:00,65.83891030829903,0.4122017413243439
2025-01-24 01:00:00,61.272104216506065,0.417311964596014
2025-01-24 02:00:00,61.68801331037601,0.4773521108098473
2025-01-24 03:00:00,57.94061516938766,0.5367365506816179
2025-01-24 04:00:00,57.56196887963753,0.5913584626233249
2025-01-24 05:00:00,57.8372090609019,0.4196821049319655
2025-01-24 06:00:00,61.97226071189149,0.6492688568959522
2025-01-24 07:00:00,57.895077595898684,0.4728876398957431
2025-01-24 08:00:00,61.448874284482066,0.4978632705651564
2025-01-24 09:00:00,70.37700399322719,0.42527883208521766
2025-01-24 10:00:00,64.35562351715846,0.2575759739727058
2025-01-24 11:00:00,58.369882339160796,0.588404539636105
2025-01-24 12:00:00,66.00606961081972,0.5736843897092433
2025-01-24 13:00:00,57.95962313489224,0.47186724428817867
2025-01-24 14:00:00,49.80937732411073,0.5066990717224872
2025-01-24 15:00:00,54.95956844541298,0.55159392177041
2025-01-24 16:00:00,50.646040394870724,0.34374541431134575
2025-01-24 17:00:00,58.24243257979346,0.4470947322653705
2025-01-24 18:00:00,60.09209189594776,0.5794264679621828
2025-01-24 19:00:00,68.38218656137641,0.3745710576830751
2025-01-24 20:00:00,61.63463686882081,0.5293557932166629
2025-01-24 21:00:00,58.90449735595568,0.3643418195376595
2025-01-24 22:00:00,64.14702790591744,0.5466429982433526
2025-01-24 23:00:00,48.944323454960575,0.4964358517702516
2025-01-25 00:00:00,61.17807279054283,0.33848681840944905
2025-01-25 01:00:00,63.85432596943483,0.6164739354457172
2025-01-25 02:00:00,52.60706877110079,0.42654084232019507
2025-01-25 03:00:00,65.71877021603464,0.4189747562985619
2025-01-25 04:00:00,61.69248203747207,0.5200569197230943
2025-01-25 05:00:00,57.923560430495996,0.6148637349428715
2025-01-25 06:00:00,63.163909330531425,0.3984178181021603
2025-01-25 07:00:00,71.35346428902199,0.5061679849847972
2025-01-25 08:00:00,60.90933127529247,0.5428816500330573
2025-01-25 09:00:00,61.24110293150168,0.5693105607263144
2025-01-25 10:00:00,57.70319550229878,0.5176441555277225
2025-01-25 11:00:00,55.75077815267604,0.46329721609166774
2025-01-25 12:00:00,64.15167908272123,0.41724097793512804
2025-01-25 13:00:00,55.719580870455665,0.5086143883046375
2025-01-25 14:00:00,60.35783118609696,0.39278609880143933
2025-01-25 15:00:00,57.61171276617441,0.20786495165053925
2025-01-25 16:00:00,62.39489912873196,0.5436559804157668
2025-01-25 17:00:00,61.668310526434745,0.5903934841086196
2025-01-25 18:00:00,65.18769972128949,0.26370675644581615
2025-01-25 19:00:00,57.44991800572627,0.39902692952900626
2025-01-25 20:00:00,58.65062532353314,0.5619154261005198
2025-01-25 21:00:00,55.106181421088465,0.7057495469711699
2025-01-25 22:00:00,57.778533699619445,0.5020793707675408
2025-01-25 23:00:00,61.88650246522426,0.42719970587708656
2025-01-26 00:00:00,63.78494308322676,0.481710355889516
2025-01-26 01:00:00,55.389173379111874,0.6374876419148185
2025-01-26 02:00:00,64.3480296005283,0.4354035820875465
2025-01-26 03:00:00,66.77818929402476,0.42008079933497466
2025-01-26 04:00:00,62.067174516118506,0.45172564778179675
2025-01-26 05:00:00,69.38397906279033,0.4046671391741288
2025-01-26 06:00:00,56.13105400448214,0.5122670315994795
2025-01-26 07:00:00,53.776726483442914,0.6624678458469561
2025-01-26 08:00:00,51.10639875547861,0.5323079273116029
2025-01-26 09:00:00,67.48022155744592,0.47476464978737126
2025-01-26 10:00:00,63.27182828177029,0.4708188731084456
2025-01-26 11:00:00,59.72207664544772,0.3436809191303343
2025-01-26 12:00:00,61.3998431315991,0.588310977714716
2025-01-26 13:00:00,54.37255476350812,0.4922162802987198
2025-01-26 14:00:00,72.22875989808414,0.48195200864093746
2025-01-26 15:00:00,60.64610590987614,0.8193107567844862
2025-01-26 16:00:00,60.546973973024464,0.5298752908365686
2025-01-26 17:00:00,63.62883311949346,0.4248208949904816
2025-01-26 18:00:00,62.40504615868357,0.4573642403794457
2025-01-26 19:00:00,61.119420121395656,0.6148445709196755
2025-01-26 20:00:00,56.04762772277344,0.5113270410537765
2025-01-26 21:00:00,62.35734178567998,0.3561722021682633
2025-01-26 22:00:00,69.41012248237517,0.5919228934575204
2025-01-26 23:00:00,66.7271002307749,0.4331855914461006
2025-01-27 00:00:00,67.96593313319698,0.6873297776217546
2025-01-27 01:00:00,57.443921617844076,0.6080048065714648
2025-01-27 02:00:00,55.0519758987071,0.4552678104341249
2025-01-27 03:00:00,59.37106539950176,0.6281016361735113
2025-01-27 04:00:00,60.27862456144347,0.5067855510527404
2025-01-27 05:00:00,65.47095759235474,0.5852773675122219
2025-01-27 06:00:00,51.5376768514259,0.5484732817294475
2025-01-27 07:00:00,67.64775159730307,0.41536433450091265
2025-01-27 08:00:00,59.20996050710505,0.4356450167682538
2025-01-27 09:00:00,57.8655946502629,0.6029960817581161
2025-01-27 10:00:00,54.93947812369916,0.4665224667893459
2025-01-27 11:00:00,51.72571664067115,0.4596351536758003
2025-01-27 12:00:00,64.11585291980957,0.4044877420650647
2025-01-27 13:00:00,60.36658983594202,0.5423599065593461
2025-01-27 14:00:00,53.55019550129473,0.7062524919243145
2025-01-27 15:00:00,53.52460613968192,0.3932467085745727
2025-01-27 16:00:00,58.32107650354936,0.5024219456672758
2025-01-27 17:00:00,68.34510762644696,0.6412220555415429
2025-01-27 18:00:00,58.702043243181976,0.4920358608754285
2025-01-27 19:00:00,52.48428523440947,0.5452371796249734
2025-01-27 20:00:00,58.77128467957028,0.393760647185312
2025-01-27 21:00:00,58.63638215126165,0.5428307097207649
2025-01-27 22:00:00,46.515566785292144,0.48128557349954515
2025-01-27 23:00:00,59.72852566741094,0.5985729995679863
2025-01-28 00:00:00,58.84532734895661,0.6187386051564752
2025-01-28 01:00:00,63.48103182406709,0.7589563642018614
2025-01-28 02:00:00,69.24478047472672,0.5579633173213576
2025-01-28 03:00:00,65.63282514773879,0.5325796316582166
2025-01-28 04:00:00,58.65555654722585,0.5194384301577336
2025-01-28 05:00:00,54.46737045629165,0.4646833707189312
2025-01-28 06:00:00,72.8667990162493,0.5338483843461691
2025-01-28 07:00:00,60.29609217007244,0.47045985898609705
2025-01-28 08:00:00,60.06964645956473,0.5168460976269614
2025-01-28 09:00:00,59.87937456444998,0.631759753560796
2025-01-28 10:00:00,60.99042380383928,0.3993457434720359
2025-01-28 11:00:00,59.27819794038029,0.6139878561129045
2025-01-28 12:00:00,57.13168996559882,0.6317115067339866
2025-01-28 13:00:00,57.26570529379804,0.48819314730089214
2025-01-28 14:00:00,59.83623364892001,0.2878145100991405
2025-01-28 15:00:00,57.282876144331176,0.43921780129055676
2025-01-28 16:00:00,56.43577108661418,0.629699454656111
2025-01-28 17:00:00,60.53215113845948,0.4977131937701118
2025-01-28 18:00:00,58.72511391289572,0.4000697767705089
2025-01-28 19:00:00,67.51996494291345,0.44952250787717823
2025-01-28 20:00:00,46.74515095803494,0.5840620026504553
2025-01-28 21:00:00,65.45753425961232,0.554673356820138
2025-01-28 22:00:00,66.23042596248814,0.4761067900830306
2025-01-28 23:00:00,49.63304883795925,0.46331755881853126
2025-01-29 00:00:00,58.28656202959826,0.4608241850956178
2025-01-29 01:00:00,58.142795670021044,0.4077589815501497
2025-01-29 02:00:00,52.96244152641089,0.6615375689469442
2025-01-29 03:00:00,56.110916562045624,0.467767953078866
2025-01-29 04:00:00,54.44712077267086,0.6217158520825496
2025-01-29 05:00:00,68.76135221711812,0.6521316051922451
2025-01-29 06:00:00,64.6783919657373,0.599831089814796
2025-01-29 07:00:00,66.3577754749708,0.45683796872819515
2025-01-29 08:00:00,63.60836032021618,0.5403730090336609
2025-01-29 09:00:00,54.354741143913856,0.4975804393609084
2025-01-29 10:00:00,57.37739866860113,0.40962981392698716
2025-01-29 11:00:00,62.44687280613959,0.5324359281721603
2025-01-29 12:00:00,53.88936095554027,0.3820960208840197
2025-01-29 13:00:00,63.56499215086194,0.6187679388461564
2025-01-29 14:00:00,58.79837300920933,0.4535382702701607
2025-01-29 15:00:00,58.12589596225201,0.5201159655872839
2025-01-29 16:00:00,63.554799841017456,0.5283287871546142
2025-01-29 17:00:00,62.2213165574302,0.4741095026295923
2025-01-29 18:00:00,58.1951691709046,0.5586693801475274
2025-01-29 19:00:00,65.79664901682123,0.45250963433774755
2025-01-29 20:00:00,54.59468336200051,0.5871297297457244
2025-01-29 21:00:00,63.07967803472132,0.36540203197532517
2025-01-29 22:00:00,62.96550628984192,0.5126379579546412
2025-01-29 23:00:00,58.45226780343005,0.6938928999058285
2025-01-30 00:00:00,61.63066511121059,0.39996686753944255
2025-01-30 01:00:00,53.74443211807348,0.43222550294751483
2025-01-30 02:00:00,64.6201350960345,0.5513907849658914
2025-01-30 03:00:00,59.075489317785056,0.5179581781939598
2025-01-30 04:00:00,57.3863848974048,0.5350630099273559
2025-01-30 05:00:00,65.24504612918444,0.5489187130147664
2025-01-30 06:00:00,56.4782815472862,0.563472146856177
2025-01-30 07:00:00,52.957693518182204,0.6109699841956223
2025-01-30 08:00:00,52.21685413238048,0.5409818656928512
2025-01-30 09:00:00,63.0300497567282,0.47587423453814576
2025-01-30 10:00:00,53.597853237518585,0.5672573701202731
2025-01-30 11:00:00,68.77397090992183,0.6899881934895216
2025-01-30 12:00:00,49.59035296058139,0.48673662536174267
2025-01-30 13:00:00,68.48228184145019,0.40254706953293584
2025-01-30 14:00:00,61.055087336013095,0.6107080669286973
2025-01-30 15:00:00,59.51643444064804,0.48796188360464016
2025-01-30 16:00:00,57.27540456595525,0.28273304539859634
2025-01-30 17:00:00,61.99568057176035,0.5847421677150422
2025-01-30 18:00:00,59.811826487875756,0.4464671814046077
2025-01-30 19:00:00,65.5165094100826,0.4909466717695839
2025-01-30 20:00:00,60.5711382433102,0.5331980330569015
2025-01-30 21:00:00,60.751508807309385,0.5190499679779066
2025-01-30 22:00:00,58.18193893893072,0.570945181713904
2025-01-30 23:00:00,59.71527188139466,0.4564513629430157
2025-01-31 00:00:00,61.5390088444603,0.5513105798176082
2025-01-31 01:00:00,51.449158036716874,0.4740453322416083
2025-01-31 02:00:00,53.25907288947143,0.5738810480887503
2025-01-31 03:00:00,63.71632047011357,0.5615367484013053
2025-01-31 04:00:00,60.85432719063971,0.40645612979554047
2025-01-31 05:00:00,59.0800833182366,0.6085982116175033
2025-01-31 06:00:00,60.09216966532696,0.4464036554885952
2025-01-31 07:00:00,61.737908526808354,0.5808057798281145
2025-01-31 08:00:00,57.30120159845319,0.5367287313401341
2025-01-31 09:00:00,56.108476372988434,0.6838183676795122
2025-01-31 10:00:00,60.97922627548841,0.4776534017628148
2025-01-31 11:00:00,55.10813611192484,0.46506832038818025
2025-01-31 12:00:00,62.04126377857236,0.4980580394112267
2025-01-31 13:00:00,51.4870819788108,0.4696820217165725
2025-01-31 14:00:00,65.14577818662822,0.579994190194205
2025-01-31 15:00:00,62.362987412065216,0.3383689391563412
2025-01-31 16:00:00,61.28014867156938,0.3946317580853646
2025-01-31 17:00:00,64.91345491972757,0.3932197078420807
2025-01-31 18:00:00,68.32737222231289,0.5950307591973576
2025-01-31 19:00:00,65.07185032509065,0.6710613372581925
2025-01-31 20:00:00,50.795628843341774,0.4895550781462529
2025-01-31 21:00:00,53.60211516632149,0.4831178276809989
2025-01-31 22:00:00,56.875907111521606,0.5070052163113181
2025-01-31 23:00:00,60.130455251054165,0.616187830260819
2025-02-01 00:00:00,62.58829510234561,0.4072646865809426
2025-02-01 01:00:00,56.37128093423267,0.5238368982734785
2025-02-01 02:00:00,60.93383382238539,0.5975197629782429
2025-02-01 03:00:00,56.22308533823339,0.5501094169939845
2025-02-01 04:00:00,56.94241098504026,0.5189581616598743
2025-02-01 05:00:00,52.96669451575889,0.6001046092567142
2025-02-01 06:00:00,55.38383376944548,0.22967677070007625
2025-02-01 07:00:00,53.241576971918334,0.5677875319530907
2025-02-01 08:00:00,55.12063373511334,0.4345924316872576
2025-02-01 09:00:00,65.2682089830392,0.31693671031435433
2025-02-01 10:00:00,55.25300555584028,0.551120259952498
2025-02-01 11:00:00,73.16191032418695,0.6373658545162958
2025-02-01 12:00:00,62.466589504404446,0.48625514853723084
2025-02-01 13:00:00,60.92418061847437,0.5952874547202939
2025-02-01 14:00:00,55.70821109909393,0.6612278257988645
2025-02-01 15:00:00,63.501549397044954,0.6314914453584047
2025-02-01 16:00:00,57.12181086881113,0.6639964529371393
2025-02-01 17:00:00,60.610049073226804,0.5742127491071892
2025-02-01 18:00:00,72.80042269134397,0.5075433638901593
2025-02-01 19:00:00,59.519700501376754,0.33980341881028314
2025-02-01 20:00:00,65.74636663142837,0.47539375118700516
2025-02-01 21:00:00,56.48411787437056,0.41567534046838084
2025-02-01 22:00:00,59.82505754751519,0.7170942717497814
2025-02-01 23:00:00,68.85400317817755,0.48241141875676635
2025-02-02 00:00:00,56.86516471106116,0.5123204806784486
2025-02-02 01:00:00,69.06224278998465,0.5551485376040468
2025-02-02 02:00:00,63.538759677277376,0.5043602446372454
2025-02-02 03:00:00,57.18766612052866,0.6695051040430753
2025-02-02 04:00:00,63.1620386952776,0.4377350638265548
2025-02-02 05:00:00,64.86277224813365,0.5194607455237242
2025-02-02 06:00:00,63.10904981108598,0.42575294143019515
2025-02-02 07:00:00,52.14887640054772,0.3679977488779294
2025-02-02 08:00:00,56.364314120875655,0.43882309090947147
2025-02-02 09:00:00,58.762406822242475,0.4962963202951588
2025-02-02 10:00:00,59.62783285449977,0.457069777548274
2025-02-02 11:00:00,63.10336048775339,0.4307579020126144
2025-02-02 12:00:00,60.88850500466627,0.3593682536328166
2025-02-02 13:00:00,53.323278206449494,0.4916894427371305
2025-02-02 14:00:00,61.90098925502981,0.3495279625968998
2025-02-02 15:00:00,63.05292872641912,0.5760055963689603
2025-02-02 16:00:00,62.7989522396552,0.5082439752934503
2025-02-02 17:00:00,65.4039036277731,0.3542448500535069
2025-02-02 18:00:00,64.16961077274452,0.46907909229501366
2025-02-02 19:00:00,62.29590039614219,0.4247843594409417
2025-02-02 20:00:00,59.649171442706766,0.531917451041918
2025-02-02 21:00:00,51.69519533242004,0.6340450446023145
2025-02-02 22:00:00,62.14809109566293,0.3124827530354255
2025-02-02 23:00:00,61.03843843581556,0.5115026079147417
2025-02-03 00:00:00,61.35789418597687,0.48398672044333596
2025-02-03 01:00:00,53.61625712089845,0.5671340076450466
2025-02-03 02:00:00,54.59471729795869,0.521319662823769
2025-02-03 03:00:00,65.26576426666452,0.42480306682611807
2025-02-03 04:00:00,59.802224230716725,0.46809460643333817
2025-02-03 05:00:00,63.40750348686312,0.4203974143196511
2025-02-03 06:00:00,60.14159188065231,0.6076007138598598
2025-02-03 07:00:00,60.14878069747873,0.5021311648671942
2025-02-03 08:00:00,77.66588420495685,1.8509886905326494
2025-02-03 09:00:00,71.98622034676657,1.2557531602730783
2025-02-03 10:00:00,73.10334412170504,1.3731109117385902
2025-02-03 11:00:00,71.76473896755766,0.8899739691644846
2025-02-03 12:00:00,67.14667486197706,0.9283987570108038
2025-02-03 13:00:00,74.09402050477561,1.2360676612755266
2025-02-03 14:00:00,76.11428528425523,1.6235358708083414
2025-02-03 15:00:00,70.15499099847804,1.4219951720801254
2025-02-03 16:00:00,83.25651763316482,1.0792693236921558
2025-02-03 17:00:00,73.33967390178216,1.3893621124922824
2025-02-03 18:00:00,69.24296218608629,1.0016123480377126
2025-02-03 19:00:00,70.51317037293049,1.4355823664696286
2025-02-03 20:00:00,79.92746237240678,1.6376886752902244
2025-02-03 21:00:00,73.16306457923127,1.2992658650199371
2025-02-03 22:00:00,82.64764722313842,1.1791385056575163
2025-02-03 23:00:00,66.99071971849673,1.264056423388881
2025-02-04 00:00:00,75.54170680541446,0.9974745126589504
2025-02-04 01:00:00,73.43656688489693,1.2148581451505935
2025-02-04 02:00:00,77.3176740370048,1.6988313339505337
2025-02-04 03:00:00,76.60962669076633,1.1518769071356822
2025-02-04 04:00:00,72.59335564029712,1.2152062728865252
2025-02-04 05:00:00,82.87886801480246,1.178176827168845
2025-02-04 06:00:00,90.5764664056122,1.4263527961191795
2025-02-04 07:00:00,69.25934600044437,1.1987549072740333
2025-02-04 08:00:00,63.713950925533666,1.1869908595323877
2025-02-04 09:00:00,82.81847101984958,1.6084548714115434
2025-02-04 10:00:00,88.29939427318612,1.4748806931584428
2025-02-04 11:00:00,76.10253892305197,1.321008524826886
2025-02-04 12:00:00,73.52804416034459,0.9168331964994506
2025-02-04 13:00:00,72.11616839880132,1.5033877002618692
2025-02-04 14:00:00,70.69911523474055,1.2338954771736548
2025-02-04 15:00:00,67.48610166846561,1.4814467329589038
2025-02-04 16:00:00,71.40836947430833,1.0012928998489574
2025-02-04 17:00:00,72.67742265197924,1.5072318841800443
2025-02-04 18:00:00,78.00720528556273,0.9965218766798001
2025-02-04 19:00:00,84.45005377941584,1.4823031763339152
2025-02-04 20:00:00,83.9297503656067,1.1884819928352206
2025-02-04 21:00:00,68.48133891918354,1.1200680866983235
2025-02-04 22:00:00,79.84488905580693,1.2152697383501978
2025-02-04 23:00:00,68.6228280642051,1.4164520056640864
2025-02-05 00:00:00,72.66854205847066,1.308325139479154
2025-02-05 01:00:00,77.14625014649371,1.228697691544733
2025-02-05 02:00:00,67.81412469838473,1.640415626129001
2025-02-05 03:00:00,77.36911334702143,0.9964361677719012
2025-02-05 04:00:00,73.36500124391868,1.6394281541934648
2025-02-05 05:00:00,80.82534832201415,1.2181036734120467
2025-02-05 06:00:00,76.44646441429369,1.2468139744218445
2025-02-05 07:00:00,87.24859973613863,0.947319790030752
2025-02-05 08:00:00,70.82761592920467,1.359121641897267
2025-02-05 09:00:00,72.81058727656784,1.5270494585720602
2025-02-05 10:00:00,74.35959216187908,1.2098674449401128
2025-02-05 11:00:00,69.62122375706603,1.7797620753104209
2025-02-05 12:00:00,69.83871489624164,0.8904011788140402
2025-02-05 13:00:00,80.03390456920776,1.3894976277917892
2025-02-05 14:00:00,78.06490846952963,1.149579542921674
2025-02-05 15:00:00,69.68849495208812,1.305664355617329
2025-02-05 16:00:00,69.40955951384488,1.6166240080258931
2025-02-05 17:00:00,79.98024532407021,1.1908429898038941
2025-02-05 18:00:00,73.02656876560091,0.8080265916025589
2025-02-05 19:00:00,78.74542882288019,1.3658218132364208
2025-02-05 20:00:00,78.56730899076041,1.3739168361996472
2025-02-05 21:00:00,67.00916405981565,1.461939778308318
2025-02-05 22:00:00,83.90892055643698,1.6265053104196523
2025-02-05 23:00:00,83.66972310668011,0.9109360667463722
2025-02-06 00:00:00,72.73214359577696,1.5664772453779052
2025-02-06 01:00:00,71.31321622748534,1.3722523036920276
2025-02-06 02:00:00,69.11287547879523,1.0475371036328625
2025-02-06 03:00:00,76.26944646337621,1.476600878866554
2025-02-06 04:00:00,82.56096577166397,1.0900673907769458
2025-02-06 05:00:00,87.82966890055653,1.2426140365842122
2025-02-06 06:00:00,77.01145631630327,1.2589648298590737
2025-02-06 07:00:00,74.71690594272638,1.1810621841484161
2025-02-06 08:00:00,68.36937663281168,1.1340549557491035
2025-02-06 09:00:00,71.93729692250719,1.384796536724539
2025-02-06 10:00:00,72.98140944932797,1.2135816868394005
2025-02-06 11:00:00,83.02457074950779,1.2224033553019584
2025-02-06 12:00:00,74.25925695413257,1.3796578539334705
2025-02-06 13:00:00,79.73059306970094,1.049319005593816
2025-02-06 14:00:00,74.49954669259324,1.2649186809597475
2025-02-06 15:00:00,79.59139857268619,1.3119312519211714
2025-02-06 16:00:00,87.6362460059379,1.0513238175516264
2025-02-06 17:00:00,74.14927638218575,1.3260453518876922
2025-02-06 18:00:00,68.22123833900827,1.4153869934214824
2025-02-06 19:00:00,73.33226152593365,1.0445204678567743
2025-02-06 20:00:00,76.75784689965681,1.20447857184223
2025-02-06 21:00:00,80.5713993509377,1.42042829453234
2025-02-06 22:00:00,76.39522033368789,1.3757177498643545
2025-02-06 23:00:00,72.76019858961229,1.29209832723751
2025-02-07 00:00:00,76.59352892639251,1.13311402635458
2025-02-07 01:00:00,84.90092050632678,1.5830287452518736
2025-02-07 02:00:00,80.08264519979377,1.7024083575598858
2025-02-07 03:00:00,78.43779323436897,1.496413837137453
2025-02-07 04:00:00,82.19999488007598,1.273425039460348
2025-02-07 05:00:00,77.42997859888607,1.1273858752792316
2025-02-07 06:00:00,85.02813031744844,1.1250748227681535
2025-02-07 07:00:00,78.01625657834182,1.367501718064939
2025-02-07 08:00:00,76.17585145013936,1.3578000379110264
2025-02-07 09:00:00,72.51799673304615,1.7401844356397576
2025-02-07 10:00:00,76.3712685344936,1.4861819633013518
2025-02-07 11:00:00,73.36899061913891,0.9698359078451204
2025-02-07 12:00:00,77.97259512265705,1.5800849639956573
2025-02-07 13:00:00,70.32715127529067,1.0670059255615163
2025-02-07 14:00:00,72.53473487085,1.3405182093681938
2025-02-07 15:00:00,84.7685636662808,1.3870042604701482
2025-02-07 16:00:00,72.38725966149754,1.68840328355637
2025-02-07 17:00:00,80.16020160054863,1.9667554037821
2025-02-07 18:00:00,65.4988570911568,1.2642569966203867
2025-02-07 19:00:00,80.64644360696126,1.150683929364942
2025-02-07 20:00:00,77.24156547845843,1.2875086290562046
2025-02-07 21:00:00,87.62583590977432,1.491825394651138
2025-02-07 22:00:00,71.82876681889242,1.4091179748370708
2025-02-07 23:00:00,75.60737292010282,1.8821722858017276
2025-02-08 00:00:00,76.36967594474093,1.4098192619823562
2025-02-08 01:00:00,79.88070403147296,1.4496330653127245
2025-02-08 02:00:00,76.74599537432562,1.2530790769956184
2025-02-08 03:00:00,74.85546692943694,1.330049942149489
2025-02-08 04:00:00,77.35368280256264,1.3890097249030986
2025-02-08 05:00:00,72.94999749195625,1.1144646028655036
2025-02-08 06:00:00,65.08083095086143,1.1715252673523149
2025-02-08 07:00:00,75.39736667669104,1.0327600956359482
2025-02-08 08:00:00,87.60600501413761,1.1899702650864665
2025-02-08 09:00:00,72.22123636663876,1.5305783263141763
2025-02-08 10:00:00,75.6070672315312,1.2842802706563967
2025-02-08 11:00:00,70.71072343767933,1.6588231730806227
2025-02-08 12:00:00,81.04263082306035,1.506289063209188
2025-02-08 13:00:00,69.02542282160675,1.3418098719598603
2025-02-08 14:00:00,68.66295231771552,0.8286310724975041
2025-02-08 15:00:00,80.22902445932922,1.1939796373171088
2025-02-08 16:00:00,84.97376409249543,1.5492035150130126
2025-02-08 17:00:00,76.82580587175886,1.665655167570688
2025-02-08 18:00:00,73.5394295829632,1.118251651021922
2025-02-08 19:00:00,84.46463532028491,1.335350071952039
2025-02-08 20:00:00,69.77851420581925,0.9498942049858328
2025-02-08 21:00:00,65.78141261812372,1.2179993244082645
2025-02-08 22:00:00,76.1379501174436,1.7425109674056607
2025-02-08 23:00:00,70.76892355954624,1.264743970381798
2025-02-09 00:00:00,70.19940480013238,1.4255071104256993
2025-02-09 01:00:00,83.18884269098233,1.3567240546127355
2025-02-09 02:00:00,72.5016823418943,1.40999126421957
2025-02-09 03:00:00,67.77703104905905,1.1777340874524
2025-02-09 04:00:00,69.09276053035508,1.4705707379909172
2025-02-09 05:00:00,79.51494974696878,1.345029732135699
2025-02-09 06:00:00,78.77103088290453,1.4253164637230706
2025-02-09 07:00:00,75.23598027482859,1.160473803916743
2025-02-09 08:00:00,83.56357821633392,0.9314886050113562
2025-02-09 09:00:00,74.11916648417548,1.4824695087463757
2025-02-09 10:00:00,62.569662209946756,1.241942548188538
2025-02-09 11:00:00,69.05496857625303,1.124518565822878
2025-02-09 12:00:00,74.46230563777537,1.5513008074600156
2025-02-09 13:00:00,71.28713081315095,1.2164580996573253
2025-02-09 14:00:00,73.26625649742213,1.3346840299886362
2025-02-09 15:00:00,81.74468747975554,1.5495933399867388
2025-02-09 16:00:00,68.80496234393566,1.3461406345538336
2025-02-09 17:00:00,82.91092573752235,0.9614322238950112
2025-02-09 18:00:00,70.80874981251941,1.4828226676729308
2025-02-09 19:00:00,78.73739493382222,1.489693915563853
2025-02-09 20:00:00,75.58803759091671,1.01257715075289
2025-02-09 21:00:00,76.33062080550022,1.6424525468344497
2025-02-09 22:00:00,81.69376778617233,1.0503586343269413
2025-02-09 23:00:00,78.91161598226195,1.4040544537090502
2025-02-10 00:00:00,74.87923992852663,1.088636298301957
2025-02-10 01:00:00,82.38527698595817,1.0580213503170588
2025-02-10 02:00:00,77.4772710939977,1.0476404055943556
2025-02-10 03:00:00,81.96546590350636,1.5870592335929907
2025-02-10 04:00:00,79.292943588269,1.2297077678617871
2025-02-10 05:00:00,79.15530350176375,1.6157036101088247
2025-02-10 06:00:00,69.18546595607263,1.1731058653588078
2025-02-10 07:00:00,80.23196858781023,0.9434010801160595
2025-02-10 08:00:00,74.09715066945733,1.0572042839750002
2025-02-10 09:00:00,69.24519961274876,1.6605393336880945
2025-02-10 10:00:00,78.60252562432126,1.3281760366407527
2025-02-10 11:00:00,71.36688864169803,0.8963036772354518
2025-02-10 12:00:00,78.24367517517908,1.3975937228235336
2025-02-10 13:00:00,72.19215408023427,1.4198301667053865
2025-02-10 14:00:00,70.26365412903603,1.5216088875359024
2025-02-10 15:00:00,71.82091251035666,1.5508480006696967
2025-02-10 16:00:00,67.91548532240044,1.340457542840784
2025-02-10 17:00:00,63.434825103542394,1.1295431089958783
2025-02-10 18:00:00,73.1513045402603,1.140019200992984
2025-02-10 19:00:00,78.82247281440148,1.392761330029031
2025-02-10 20:00:00,78.35888368824968,1.010082541303749
2025-02-10 21:00:00,76.05495154049355,0.9706080005420984
2025-02-10 22:00:00,69.62394423906672,1.3060858538509805
2025-02-10 23:00:00,78.87998864331969,1.3765088769241856
2025-02-11 00:00:00,68.34640157055864,1.4018719036199259
2025-02-11 01:00:00,73.80847765792626,1.1996094750697155
2025-02-11 02:00:00,78.24512005148532,1.3264294358436461
2025-02-11 03:00:00,78.58685446517512,1.166771199857835
2025-02-11 04:00:00,72.6074458699557,1.413891522702662
2025-02-11 05:00:00,76.90008900428481,1.5502421214121447
2025-02-11 06:00:00,71.24754098408653,1.0108033800751495
2025-02-11 07:00:00,66.17784365612437,1.1895269609428754
2025-02-11 08:00:00,79.83704195725757,1.1195854861294485
2025-02-11 09:00:00,67.50055674623258,1.2408255978387268
2025-02-11 10:00:00,70.56101845335661,1.3184572267960861
2025-02-11 11:00:00,71.6085520021804,1.1170859798919368
2025-02-11 12:00:00,85.26609425282672,1.1129759114500315
2025-02-11 13:00:00,78.2616576385823,1.0110210604609287
2025-02-11 14:00:00,70.21964432395309,1.3251467694854124
2025-02-11 15:00:00,79.32653076139401,1.2393786029266054
